,score,shot,frames
fco_10_2_0,2,0,10
fco_10_2_1,2,1,9
fco_10_2_2,2,2,14
fco_10_2_3,2,3,16
fco_10_2_4,2,4,14
fco_10_2_5,2,5,10
fco_10_2_6,2,6,21
fco_10_2_7,2,7,8
fco_10_2_8,2,8,10
fco_10_2_9,2,9,12
fco_10_2_10,2,10,8
fco_10_2_11,2,11,8
fco_10_2_12,2,12,9
fco_10_2_13,2,13,13
fco_10_2_14,2,14,12
fco_10_2_15,2,15,10
fco_10_2_16,2,16,13
fco_10_2_17,2,17,8
fco_10_2_18,2,18,10
fco_10_2_19,2,19,13
fco_10_2_20,2,20,11
fco_10_2_21,2,21,10
fco_10_2_22,2,22,11
fco_10_2_23,2,23,19
fco_10_2_24,2,24,16
fco_10_2_25,2,25,8
fco_10_2_26,2,26,8
fco_10_2_27,2,27,11
fco_10_2_28,2,28,39
fco_10_2_29,2,29,13
fco_11_2_0,2,0,8
fco_11_2_1,2,1,8
fco_11_2_2,2,2,28
fco_11_2_3,2,3,32
fco_11_2_4,2,4,13
fco_11_2_5,2,5,17
fco_11_2_6,2,6,25
fco_11_2_7,2,7,9
fco_11_2_8,2,8,18
fco_11_2_9,2,9,27
fco_11_2_10,2,10,11
fco_11_2_11,2,11,13
fco_11_2_12,2,12,11
fco_11_2_13,2,13,9
fco_11_2_14,2,14,26
fco_11_2_15,2,15,15
fco_11_2_16,2,16,13
fco_11_2_17,2,17,17
fco_11_2_18,2,18,8
fco_11_2_19,2,19,16
fco_11_2_20,2,20,9
fco_11_2_21,2,21,10
fco_12_5_0,5,0,17
fco_12_5_1,5,1,9
fco_12_5_2,5,2,9
fco_12_5_3,5,3,21
fco_12_5_4,5,4,15
fco_12_5_5,5,5,10
fco_12_5_6,5,6,9
fco_12_5_7,5,7,10
fco_12_5_8,5,8,8
fco_12_5_9,5,9,9
fco_12_5_10,5,10,12
fco_12_5_11,5,11,8
fco_12_5_12,5,12,13
fco_13_6_0,5,0,25
fco_13_6_1,5,1,22
fco_13_6_2,5,2,26
fco_13_6_3,5,3,23
fco_13_6_4,5,4,20
fco_13_6_5,5,5,9
fco_13_6_6,5,6,17
fco_13_6_7,5,7,8
fco_13_6_8,5,8,8
fco_13_6_9,5,9,10
fco_13_6_10,5,10,13
fco_13_6_11,5,11,8
fco_13_6_12,5,12,16
fco_13_6_13,5,13,15
fco_13_6_14,5,14,20
fco_13_6_15,5,15,9
fco_13_6_16,5,16,10
fco_13_6_17,5,17,10
fco_13_6_18,5,18,12
fco_13_6_19,5,19,28
fco_13_6_20,5,20,10
fco_13_6_21,5,21,15
fco_13_6_22,5,22,12
fco_13_6_23,5,23,11
fco_13_6_24,5,24,9
fco_13_6_25,5,25,9
fco_13_6_26,5,26,10
fco_13_6_27,5,27,11
fco_13_6_28,5,28,9
fco_13_6_29,5,29,9
fco_13_6_30,5,30,9
fco_13_6_31,5,31,11
fco_13_6_32,5,32,8
fco_13_6_33,5,33,11
fco_13_6_34,5,34,11
fco_13_6_35,5,35,9
fco_13_6_36,5,36,9
fco_13_6_37,5,37,10
fco_13_6_38,5,38,22
fco_13_6_39,5,39,8
fco_13_6_40,5,40,9
fco_13_6_41,5,41,10
fco_13_6_42,5,42,9
fco_13_6_43,5,43,15
fco_13_6_44,5,44,9
fco_13_6_45,5,45,10
fco_13_6_46,5,46,10
fco_14_1_0,1,0,17
fco_14_1_1,1,1,13
fco_14_1_2,1,2,20
fco_14_1_3,1,3,27
fco_14_1_4,1,4,10
fco_14_1_5,1,5,15
fco_14_1_6,1,6,18
fco_14_1_7,1,7,25
fco_14_1_8,1,8,41
fco_14_1_9,1,9,30
fco_14_1_10,1,10,10
fco_14_1_11,1,11,15
fco_14_1_12,1,12,29
fco_14_1_13,1,13,27
fco_14_1_14,1,14,30
fco_14_1_15,1,15,30
fco_14_1_16,1,16,29
fco_14_1_17,1,17,8
fco_14_1_18,1,18,31
fco_14_1_19,1,19,16
fco_14_1_20,1,20,27
fco_14_1_21,1,21,26
fco_14_1_22,1,22,50
fco_14_1_23,1,23,13
fco_14_1_24,1,24,31
fco_14_1_25,1,25,53
fco_14_1_26,1,26,16
fco_14_1_27,1,27,32
fco_14_1_28,1,28,40
fco_14_1_29,1,29,25
fco_14_1_30,1,30,42
fco_14_1_31,1,31,23
fco_14_1_32,1,32,19
fco_14_1_33,1,33,43
fco_14_1_34,1,34,32
fco_14_1_35,1,35,9
fco_14_1_36,1,36,11
fco_14_1_37,1,37,17
fco_14_1_38,1,38,8
fco_14_1_39,1,39,31
fco_14_1_40,1,40,8
fco_14_1_41,1,41,12
fco_14_1_42,1,42,27
fco_14_1_43,1,43,11
fco_14_1_44,1,44,17
fco_14_1_45,1,45,10
fco_14_1_46,1,46,16
fco_14_1_47,1,47,24
fco_14_1_48,1,48,17
fco_14_1_49,1,49,9
fco_14_1_50,1,50,30
fco_14_1_51,1,51,24
fco_14_1_52,1,52,29
fco_14_1_53,1,53,27
fco_14_1_54,1,54,24
fco_14_1_55,1,55,8
fco_14_1_56,1,56,17
fco_14_1_57,1,57,28
fco_15_3.5_0,3.5,0,15
fco_15_3.5_1,3.5,1,28
fco_15_3.5_2,3.5,2,27
fco_15_3.5_3,3.5,3,8
fco_15_3.5_4,3.5,4,14
fco_15_3.5_5,3.5,5,9
fco_15_3.5_6,3.5,6,8
fco_15_3.5_7,3.5,7,16
fco_15_3.5_8,3.5,8,12
fco_15_3.5_9,3.5,9,14
fco_15_3.5_10,3.5,10,17
fco_15_3.5_11,3.5,11,8
fco_15_3.5_12,3.5,12,9
fco_15_3.5_13,3.5,13,12
fco_15_3.5_14,3.5,14,11
fco_15_3.5_15,3.5,15,8
fco_15_3.5_16,3.5,16,10
fco_15_3.5_17,3.5,17,8
fco_15_3.5_18,3.5,18,24
fco_15_3.5_19,3.5,19,19
fco_15_3.5_20,3.5,20,10
fco_15_3.5_21,3.5,21,12
fco_15_3.5_22,3.5,22,11
fco_15_3.5_23,3.5,23,17
fco_15_3.5_24,3.5,24,42
fco_15_3.5_25,3.5,25,8
fco_15_3.5_26,3.5,26,39
fco_15_3.5_27,3.5,27,12
fco_15_3.5_28,3.5,28,37
fco_15_3.5_29,3.5,29,10
fco_15_3.5_30,3.5,30,17
fco_15_3.5_31,3.5,31,13
fco_15_3.5_32,3.5,32,14
fco_15_3.5_33,3.5,33,29
fco_15_3.5_34,3.5,34,10
fco_15_3.5_35,3.5,35,14
fco_15_3.5_36,3.5,36,17
fco_15_3.5_37,3.5,37,13
fco_15_3.5_38,3.5,38,23
fco_15_3.5_39,3.5,39,8
fco_15_3.5_40,3.5,40,15
fco_15_3.5_41,3.5,41,19
fco_15_3.5_42,3.5,42,10
fco_15_3.5_43,3.5,43,20
fco_15_3.5_44,3.5,44,69
fco_15_3.5_45,3.5,45,8
fco_15_3.5_46,3.5,46,11
fco_15_3.5_47,3.5,47,8
fco_15_3.5_48,3.5,48,21
fco_15_3.5_49,3.5,49,35
fco_15_3.5_50,3.5,50,27
fco_15_3.5_51,3.5,51,22
fco_15_3.5_52,3.5,52,18
fco_15_3.5_53,3.5,53,32
fco_16_9_0,0,0,21
fco_16_9_1,0,1,22
fco_16_9_2,0,2,17
fco_16_9_3,0,3,12
fco_16_9_4,0,4,24
fco_16_9_5,0,5,11
fco_16_9_6,9,6,10
fco_16_9_7,0,7,12
fco_16_9_8,0,8,10
fco_16_9_9,9,9,16
fco_16_9_10,0,10,9
fco_16_9_11,9,11,31
fco_16_9_12,9,12,8
fco_16_9_13,0,13,14
fco_16_9_14,9,14,24
fco_16_9_15,9,15,10
fco_16_9_16,0,16,11
fco_16_9_17,9,17,34
fco_16_9_18,9,18,15
fco_16_9_19,0,19,9
fco_16_9_20,0,20,11
fco_16_9_21,9,21,14
fco_16_9_22,0,22,11
fco_16_9_23,0,23,9
fco_16_9_24,0,24,10
fco_16_9_25,0,25,8
fco_16_9_26,9,26,8
fco_16_9_27,9,27,10
fco_16_9_28,0,28,9
fco_16_9_29,9,29,29
fco_16_9_30,0,30,9
fco_16_9_31,0,31,9
fco_16_9_32,9,32,33
fco_16_9_33,0,33,11
fco_16_9_34,9,34,10
fco_16_9_35,0,35,13
fco_16_9_36,9,36,15
fco_16_9_37,0,37,8
fco_17_2_0,2,0,12
fco_17_2_1,2,1,29
fco_17_2_2,2,2,22
fco_17_2_3,2,3,9
fco_17_2_4,2,4,8
fco_17_2_5,2,5,8
fco_17_2_6,2,6,10
fco_17_2_7,2,7,16
fco_17_2_8,2,8,9
fco_17_2_9,2,9,11
fco_17_2_10,2,10,19
fco_17_2_11,2,11,16
fco_17_2_12,2,12,25
fco_17_2_13,2,13,21
fco_17_2_14,2,14,19
fco_17_2_15,2,15,13
fco_17_2_16,2,16,14
fco_17_2_17,2,17,17
fco_17_2_18,2,18,13
fco_17_2_19,2,19,8
fco_17_2_20,2,20,10
fco_17_2_21,2,21,14
fco_17_2_22,2,22,12
fco_17_2_23,2,23,11
fco_17_2_24,2,24,9
fco_17_2_25,2,25,9
fco_17_2_26,2,26,8
fco_17_2_27,2,27,9
fco_17_2_28,2,28,12
fco_17_2_29,2,29,9
fco_17_2_30,2,30,12
fco_17_2_31,2,31,11
fco_17_2_32,2,32,9
fco_17_2_33,2,33,10
fco_17_2_34,2,34,8
fco_17_2_35,2,35,10
fco_17_2_36,2,36,21
fco_17_2_37,2,37,11
fco_17_2_38,2,38,8
fco_17_2_39,2,39,8
fco_17_2_40,2,40,13
fco_17_2_41,2,41,13
fco_17_2_42,2,42,15
fco_17_2_43,2,43,16
fco_17_2_44,2,44,16
fco_18_2_0,2,0,20
fco_18_2_1,2,1,8
fco_18_2_2,2,2,10
fco_18_2_3,2,3,8
fco_18_2_4,2,4,13
fco_18_2_5,2,5,13
fco_18_2_6,2,6,28
fco_18_2_7,2,7,22
fco_18_2_8,2,8,23
fco_18_2_9,2,9,12
fco_18_2_10,2,10,14
fco_18_2_11,2,11,20
fco_18_2_12,2,12,9
fco_18_2_13,2,13,12
fco_18_2_14,2,14,18
fco_18_2_15,2,15,10
fco_18_2_16,2,16,12
fco_18_2_17,2,17,8
fco_18_2_18,2,18,9
fco_18_2_19,2,19,30
fco_18_2_20,2,20,12
fco_18_2_21,2,21,12
fco_18_2_22,2,22,13
fco_18_2_23,2,23,10
fco_18_2_24,2,24,15
fco_18_2_25,2,25,19
fco_18_2_26,2,26,11
fco_18_2_27,2,27,14
fco_18_2_28,2,28,12
fco_18_2_29,2,29,22
fco_18_2_30,2,30,13
fco_18_2_31,2,31,29
fco_18_2_32,2,32,22
fco_18_2_33,2,33,17
fco_19_3_0,3,0,16
fco_19_3_1,3,1,14
fco_19_3_2,3,2,31
fco_19_3_3,3,3,17
fco_19_3_4,3,4,13
fco_19_3_5,3,5,11
fco_19_3_6,3,6,13
fco_19_3_7,3,7,14
fco_19_3_8,3,8,11
fco_19_3_9,3,9,18
fco_19_3_10,3,10,10
fco_19_3_11,3,11,17
fco_19_3_12,3,12,13
fco_19_3_13,3,13,11
fco_19_3_14,3,14,9
fco_19_3_15,3,15,10
fco_19_3_16,3,16,26
fco_19_3_17,3,17,21
fco_19_3_18,3,18,23
fco_19_3_19,3,19,11
fco_19_3_20,3,20,29
fco_19_3_21,3,21,22
fco_19_3_22,3,22,15
fco_19_3_23,3,23,14
fco_19_3_24,3,24,27
fco_19_3_25,3,25,10
fco_19_3_26,3,26,10
fco_19_3_27,3,27,27
fco_19_3_28,3,28,25
fco_19_3_29,3,29,43
fco_19_3_30,3,30,13
fco_19_3_31,3,31,12
fco_19_3_32,3,32,28
fco_19_3_33,3,33,12
fco_19_3_34,3,34,30
fco_19_3_35,3,35,17
fco_19_3_36,3,36,8
fco_19_3_37,3,37,20
fco_19_3_38,3,38,30
fco_19_3_39,3,39,22
fco_19_3_40,3,40,30
fco_19_3_41,3,41,10
fco_19_3_42,3,42,19
fco_19_3_43,3,43,42
fco_19_3_44,3,44,17
fco_19_3_45,3,45,8
fco_19_3_46,3,46,43
fco_19_3_47,3,47,9
fco_19_3_48,3,48,25
fco_19_3_49,3,49,25
fco_19_3_50,3,50,11
fco_19_3_51,3,51,32
fco_19_3_52,3,52,9
fco_19_3_53,3,53,10
fco_19_3_54,3,54,15
fco_19_3_55,3,55,12
fco_19_3_56,3,56,31
fco_19_3_57,3,57,28
fco_19_3_58,3,58,25
fco_19_3_59,3,59,11
fco_19_3_60,3,60,29
fco_19_3_61,3,61,52
fco_19_3_62,3,62,13
fco_19_3_63,3,63,31
fco_19_3_64,3,64,9
fco_19_3_65,3,65,31
fco_19_3_66,3,66,12
fco_19_3_67,3,67,19
fco_19_3_68,3,68,10
fco_19_3_69,3,69,20
fco_19_3_70,3,70,20
fco_19_3_71,3,71,31
fco_19_3_72,3,72,25
fco_19_3_73,3,73,22
fco_19_3_74,3,74,10
fco_19_3_75,3,75,26
fco_19_3_76,3,76,38
fco_19_3_77,3,77,30
fco_19_3_78,3,78,24
fco_19_3_79,3,79,8
fco_19_3_80,3,80,12
fco_19_3_81,3,81,16
fco_19_3_82,3,82,10
fco_19_3_83,3,83,50
fco_19_3_84,3,84,8
fco_19_3_85,3,85,15
fco_19_3_86,3,86,42
fco_19_3_87,3,87,9
fco_19_3_88,3,88,33
fco_19_3_89,3,89,8
fco_19_3_90,3,90,10
fco_19_3_91,3,91,14
fco_19_3_92,3,92,33
fco_19_3_93,3,93,8
fco_19_3_94,3,94,30
fco_19_3_95,3,95,26
fco_19_3_96,3,96,12
fco_19_3_97,3,97,34
fco_19_3_98,3,98,20
fco_19_3_99,3,99,8
fco_19_3_100,3,100,12
fco_19_3_101,3,101,11
fco_19_3_102,3,102,37
fco_19_3_103,3,103,35
fco_19_3_104,3,104,33
fco_19_3_105,3,105,38
fco_19_3_106,3,106,49
fco_19_3_107,3,107,40
fco_19_3_108,3,108,19
fco_19_3_109,3,109,12
fco_19_3_110,3,110,14
fco_19_3_111,3,111,18
fco_19_3_112,3,112,35
fco_19_3_113,3,113,34
fco_19_3_114,3,114,35
fco_19_3_115,3,115,22
fco_19_3_116,3,116,13
fco_19_3_117,3,117,36
fco_19_3_118,3,118,19
fco_19_3_119,3,119,9
fco_19_3_120,3,120,30
fco_19_3_121,3,121,8
fco_19_3_122,3,122,14
fco_19_3_123,3,123,10
fco_19_3_124,3,124,8
fco_19_3_125,3,125,24
fco_19_3_126,3,126,8
fco_19_3_127,3,127,22
fco_19_3_128,3,128,34
fco_19_3_129,3,129,12
fco_19_3_130,3,130,21
fco_19_3_131,3,131,20
fco_19_3_132,3,132,26
fco_19_3_133,3,133,35
fco_19_3_134,3,134,11
fco_19_3_135,3,135,23
fco_19_3_136,3,136,28
fco_19_3_137,3,137,13
fco_19_3_138,3,138,29
fco_19_3_139,3,139,18
fco_19_3_140,3,140,16
fco_19_3_141,3,141,13
fco_19_3_142,3,142,9
fco_19_3_143,3,143,113
fco_19_3_144,3,144,19
fco_19_3_145,3,145,13
fco_19_3_146,3,146,27
fco_19_3_147,3,147,14
fco_19_3_148,3,148,14
fco_19_3_149,3,149,26
fco_19_3_150,3,150,21
fco_19_3_151,3,151,9
fco_19_3_152,3,152,16
fco_19_3_153,3,153,9
fco_19_3_154,3,154,60
fco_20_9.2_0,0,0,12
fco_20_9.2_1,0,1,23
fco_20_9.2_2,0,2,27
fco_20_9.2_3,0,3,28
fco_20_9.2_4,0,4,9
fco_20_9.2_5,9.2,5,33
fco_20_9.2_6,0,6,12
fco_20_9.2_7,9.2,7,30
fco_20_9.2_8,0,8,11
fco_20_9.2_9,9.2,9,30
fco_20_9.2_10,0,10,12
fco_20_9.2_11,9.2,11,24
fco_20_9.2_12,0,12,16
fco_20_9.2_13,0,13,21
fco_20_9.2_14,9.2,14,44
fco_20_9.2_15,9.2,15,17
fco_20_9.2_16,0,16,15
fco_20_9.2_17,0,17,12
fco_20_9.2_18,9.2,18,32
fco_20_9.2_19,0,19,14
fco_20_9.2_20,9.2,20,39
fco_20_9.2_21,0,21,13
fco_20_9.2_22,9.2,22,27
fco_20_9.2_23,0,23,31
fco_20_9.2_24,9.2,24,17
fco_20_9.2_25,0,25,11
fco_20_9.2_26,0,26,16
fco_20_9.2_27,0,27,8
fco_20_9.2_28,9.2,28,43
fco_20_9.2_29,0,29,10
fco_20_9.2_30,9.2,30,19
fco_20_9.2_31,0,31,15
fco_20_9.2_32,0,32,10
fco_20_9.2_33,0,33,9
fco_20_9.2_34,9.2,34,16
fco_20_9.2_35,0,35,23
fco_20_9.2_36,9.2,36,20
fco_20_9.2_37,0,37,12
fco_20_9.2_38,9.2,38,16
fco_20_9.2_39,9.2,39,31
fco_20_9.2_40,0,40,10
fco_20_9.2_41,9.2,41,21
fco_20_9.2_42,0,42,14
fco_20_9.2_43,0,43,11
fco_20_9.2_44,9.2,44,13
fco_20_9.2_45,0,45,12
fco_20_9.2_46,0,46,13
fco_20_9.2_47,9.2,47,15
fco_20_9.2_48,0,48,17
fco_20_9.2_49,0,49,8
fco_20_9.2_50,9.2,50,11
fco_20_9.2_51,0,51,16
fco_20_9.2_52,0,52,9
fco_20_9.2_53,0,53,8
fco_20_9.2_54,9.2,54,23
fco_20_9.2_55,9.2,55,14
fco_20_9.2_56,0,56,10
fco_20_9.2_57,0,57,10
fco_21_9_0,9,0,8
fco_21_9_1,9,1,8
fco_21_9_2,0,2,10
fco_21_9_3,9,3,16
fco_21_9_4,0,4,9
fco_21_9_5,9,5,18
fco_22_9_0,0,0,8
fco_22_9_1,9,1,15
fco_22_9_2,9,2,8
fco_22_9_3,0,3,8
fco_22_9_4,9,4,13
fco_22_9_5,0,5,11
fco_22_9_6,0,6,9
fco_22_9_7,0,7,9
fco_22_9_8,0,8,21
fco_22_9_9,0,9,8
fco_22_9_10,9,10,8
fco_22_9_11,0,11,8
fco_22_9_12,9,12,16
fco_22_9_13,9,13,8
fco_22_9_14,0,14,9
fco_22_9_15,9,15,23
fco_22_9_16,9,16,9
fco_22_9_17,0,17,8
fco_22_9_18,9,18,9
fco_22_9_19,0,19,11
fco_22_9_20,0,20,13
fco_22_9_21,0,21,17
fco_22_9_22,0,22,11
fco_23_8.9_0,0,0,11
fco_23_8.9_1,0,1,9
fco_23_8.9_2,8.9,2,18
fco_23_8.9_3,8.9,3,28
fco_23_8.9_4,8.9,4,12
fco_23_8.9_5,0,5,9
fco_23_8.9_6,0,6,13
fco_23_8.9_7,0,7,12
fco_23_8.9_8,0,8,11
fco_23_8.9_9,0,9,10
fco_23_8.9_10,8.9,10,33
fco_23_8.9_11,8.9,11,12
fco_23_8.9_12,0,12,8
fco_23_8.9_13,8.9,13,8
fco_23_8.9_14,0,14,9
fco_23_8.9_15,0,15,8
fco_23_8.9_16,8.9,16,11
fco_23_8.9_17,0,17,13
fco_23_8.9_18,0,18,11
fco_24_2.5_0,2.5,0,22
fco_24_2.5_1,2.5,1,9
fco_24_2.5_2,2.5,2,8
fco_24_2.5_3,2.5,3,14
fco_24_2.5_4,2.5,4,13
fco_24_2.5_5,2.5,5,43
fco_24_2.5_6,2.5,6,20
fco_24_2.5_7,2.5,7,9
fco_24_2.5_8,2.5,8,10
fco_24_2.5_9,2.5,9,11
fco_25_4_0,4,0,12
fco_25_4_1,4,1,15
fco_25_4_2,4,2,24
fco_25_4_3,4,3,25
fco_25_4_4,4,4,23
fco_25_4_5,4,5,25
fco_25_4_6,4,6,57
fco_25_4_7,4,7,8
fco_25_4_8,4,8,13
fco_25_4_9,4,9,14
fco_25_4_10,4,10,8
fco_25_4_11,4,11,9
fco_25_4_12,4,12,10
fco_25_4_13,4,13,18
fco_25_4_14,4,14,8
fco_25_4_15,4,15,8
fco_25_4_16,4,16,8
fco_25_4_17,4,17,19
fco_25_4_18,4,18,11
fco_25_4_19,4,19,8
fco_25_4_20,4,20,13
fco_25_4_21,4,21,11
fco_25_4_22,4,22,10
fco_25_4_23,4,23,13
fco_25_4_24,4,24,12
fco_25_4_25,4,25,9
fco_25_4_26,4,26,23
fco_25_4_27,4,27,12
fco_25_4_28,4,28,28
fco_25_4_29,4,29,8
fco_25_4_30,4,30,13
fco_25_4_31,4,31,20
fco_25_4_32,4,32,9
fco_26_3.5_0,3.5,0,13
fco_26_3.5_1,3.5,1,12
fco_26_3.5_2,3.5,2,11
fco_26_3.5_3,3.5,3,10
fco_26_3.5_4,3.5,4,10
fco_26_3.5_5,3.5,5,10
fco_26_3.5_6,3.5,6,11
fco_26_3.5_7,3.5,7,11
fco_26_3.5_8,3.5,8,14
fco_26_3.5_9,3.5,9,14
fco_27_3.2_0,3.2,0,22
fco_27_3.2_1,3.2,1,31
fco_27_3.2_2,3.2,2,13
fco_27_3.2_3,3.2,3,18
fco_27_3.2_4,3.2,4,14
fco_27_3.2_5,3.2,5,13
fco_27_3.2_6,3.2,6,19
fco_27_3.2_7,3.2,7,8
fco_27_3.2_8,3.2,8,10
fco_27_3.2_9,3.2,9,19
fco_27_3.2_10,3.2,10,17
fco_27_3.2_11,3.2,11,15
fco_27_3.2_12,3.2,12,30
fco_27_3.2_13,3.2,13,14
fco_27_3.2_14,3.2,14,15
fco_27_3.2_15,3.2,15,27
fco_27_3.2_16,3.2,16,18
fco_27_3.2_17,3.2,17,18
fco_27_3.2_18,3.2,18,14
fco_27_3.2_19,3.2,19,11
fco_27_3.2_20,3.2,20,10
fco_27_3.2_21,3.2,21,24
fco_27_3.2_22,3.2,22,11
fco_27_3.2_23,3.2,23,13
fco_27_3.2_24,3.2,24,39
fco_27_3.2_25,3.2,25,25
fco_28_2.5_0,2.5,0,11
fco_28_2.5_1,2.5,1,14
fco_28_2.5_2,2.5,2,11
fco_28_2.5_3,2.5,3,9
fco_28_2.5_4,2.5,4,10
fco_28_2.5_5,2.5,5,14
fco_28_2.5_6,2.5,6,13
fco_28_2.5_7,2.5,7,13
fco_28_2.5_8,2.5,8,15
fco_28_2.5_9,2.5,9,24
fco_28_2.5_10,2.5,10,18
fco_28_2.5_11,2.5,11,10
fco_28_2.5_12,2.5,12,19
fco_28_2.5_13,2.5,13,17
fco_28_2.5_14,2.5,14,12
fco_28_2.5_15,2.5,15,25
fco_29_4.5_0,4.5,0,31
fco_29_4.5_1,4.5,1,27
fco_29_4.5_2,4.5,2,11
fco_29_4.5_3,4.5,3,23
fco_29_4.5_4,4.5,4,23
fco_29_4.5_5,4.5,5,11
fco_29_4.5_6,4.5,6,12
fco_29_4.5_7,4.5,7,12
fco_29_4.5_8,4.5,8,15
fco_29_4.5_9,4.5,9,17
fco_29_4.5_10,4.5,10,31
fco_29_4.5_11,4.5,11,13
fco_29_4.5_12,4.5,12,19
fco_29_4.5_13,4.5,13,12
fco_29_4.5_14,4.5,14,11
fco_29_4.5_15,4.5,15,12
fco_29_4.5_16,4.5,16,13
fco_29_4.5_17,4.5,17,12
fco_29_4.5_18,4.5,18,13
fco_29_4.5_19,4.5,19,11
fco_29_4.5_20,4.5,20,14
fco_29_4.5_21,4.5,21,11
fco_29_4.5_22,4.5,22,11
fco_29_4.5_23,4.5,23,30
fco_29_4.5_24,4.5,24,13
fco_29_4.5_25,4.5,25,16
fco_29_4.5_26,4.5,26,15
fco_29_4.5_27,4.5,27,16
fco_29_4.5_28,4.5,28,26
fco_29_4.5_29,4.5,29,12
fco_29_4.5_30,4.5,30,21
fco_29_4.5_31,4.5,31,28
fco_29_4.5_32,4.5,32,12
fco_29_4.5_33,4.5,33,18
fco_29_4.5_34,4.5,34,29
fco_29_4.5_35,4.5,35,12
fco_29_4.5_36,4.5,36,17
fco_29_4.5_37,4.5,37,14
fco_29_4.5_38,4.5,38,9
fco_29_4.5_39,4.5,39,15
fco_29_4.5_40,4.5,40,20
fco_29_4.5_41,4.5,41,39
fco_29_4.5_42,4.5,42,11
fco_29_4.5_43,4.5,43,25
fco_29_4.5_44,4.5,44,11
fco_29_4.5_45,4.5,45,13
fco_29_4.5_46,4.5,46,14
fco_29_4.5_47,4.5,47,11
fco_29_4.5_48,4.5,48,27
fco_29_4.5_49,4.5,49,14
fco_29_4.5_50,4.5,50,10
fco_29_4.5_51,4.5,51,18
fco_29_4.5_52,4.5,52,12
fco_29_4.5_53,4.5,53,23
fco_29_4.5_54,4.5,54,10
fco_29_4.5_55,4.5,55,11
fco_29_4.5_56,4.5,56,13
fco_29_4.5_57,4.5,57,12
fco_29_4.5_58,4.5,58,10
fco_29_4.5_59,4.5,59,20
fco_29_4.5_60,4.5,60,32
fco_29_4.5_61,4.5,61,14
fco_29_4.5_62,4.5,62,14
fco_29_4.5_63,4.5,63,17
fco_29_4.5_64,4.5,64,16
fco_29_4.5_65,4.5,65,13
fco_29_4.5_66,4.5,66,17
fco_29_4.5_67,4.5,67,15
fco_29_4.5_68,4.5,68,33
fco_29_4.5_69,4.5,69,15
fco_29_4.5_70,4.5,70,15
fco_29_4.5_71,4.5,71,10
fco_29_4.5_72,4.5,72,15
fco_29_4.5_73,4.5,73,14
fco_29_4.5_74,4.5,74,8
fco_29_4.5_75,4.5,75,11
fco_29_4.5_76,4.5,76,12
fco_29_4.5_77,4.5,77,12
fco_29_4.5_78,4.5,78,10
fco_29_4.5_79,4.5,79,15
fco_29_4.5_80,4.5,80,13
fco_29_4.5_81,4.5,81,16
fco_29_4.5_82,4.5,82,23
fco_29_4.5_83,4.5,83,27
fco_29_4.5_84,4.5,84,25
fco_29_4.5_85,4.5,85,11
fco_29_4.5_86,4.5,86,16
fco_29_4.5_87,4.5,87,10
fco_29_4.5_88,4.5,88,25
fco_30_4_0,4,0,13
fco_30_4_1,4,1,18
fco_30_4_2,4,2,15
fco_30_4_3,4,3,16
fco_30_4_4,4,4,9
fco_30_4_5,4,5,8
fco_30_4_6,4,6,15
fco_30_4_7,4,7,10
fco_30_4_8,4,8,11
fco_30_4_9,4,9,12
fco_30_4_10,4,10,14
fco_30_4_11,4,11,32
fco_30_4_12,4,12,32
fco_30_4_13,4,13,13
fco_30_4_14,4,14,14
fco_31_2.5_0,2.5,0,17
fco_31_2.5_1,2.5,1,9
fco_31_2.5_2,2.5,2,18
fco_31_2.5_3,2.5,3,17
fco_31_2.5_4,2.5,4,16
fco_31_2.5_5,2.5,5,18
fco_31_2.5_6,2.5,6,15
fco_31_2.5_7,2.5,7,9
fco_31_2.5_8,2.5,8,21
fco_31_2.5_9,2.5,9,29
fco_31_2.5_10,2.5,10,9
fco_31_2.5_11,2.5,11,12
fco_31_2.5_12,2.5,12,9
fco_31_2.5_13,2.5,13,9
fco_31_2.5_14,2.5,14,8
fco_31_2.5_15,2.5,15,10
fco_31_2.5_16,2.5,16,9
fco_32_2_0,2,0,9
fco_32_2_1,2,1,9
fco_32_2_2,2,2,10
fco_32_2_3,2,3,9
fco_32_2_4,2,4,17
fco_32_2_5,2,5,9
fco_32_2_6,2,6,9
fco_32_2_7,2,7,15
fco_32_2_8,2,8,11
fco_32_2_9,2,9,17
fco_32_2_10,2,10,17
fco_32_2_11,2,11,11
fco_32_2_12,2,12,14
fco_32_2_13,2,13,18
fco_32_2_14,2,14,11
fco_32_2_15,2,15,9
fco_33_6.5_0,5,0,12
fco_33_6.5_1,5,1,29
fco_33_6.5_2,5,2,14
fco_33_6.5_3,5,3,13
fco_33_6.5_4,5,4,15
fco_33_6.5_5,5,5,12
fco_33_6.5_6,5,6,13
fco_33_6.5_7,5,7,12
fco_33_6.5_8,5,8,14
fco_33_6.5_9,5,9,17
fco_33_6.5_10,5,10,27
fco_34_6_0,5,0,19
fco_34_6_1,5,1,20
fco_34_6_2,5,2,18
fco_34_6_3,5,3,16
fco_34_6_4,5,4,18
fco_34_6_5,5,5,9
fco_34_6_6,5,6,18
fco_34_6_7,5,7,17
fco_34_6_8,5,8,13
fco_34_6_9,5,9,26
fco_34_6_10,5,10,14
fco_34_6_11,5,11,10
fco_34_6_12,5,12,13
fco_34_6_13,5,13,13
fco_34_6_14,5,14,20
fco_34_6_15,5,15,15
fco_34_6_16,5,16,11
fco_34_6_17,5,17,21
fco_34_6_18,5,18,16
fco_34_6_19,5,19,15
fco_34_6_20,5,20,12
fco_34_6_21,5,21,9
fco_34_6_22,5,22,27
fco_34_6_23,5,23,16
fco_34_6_24,5,24,16
fco_35_5.5_0,5.5,0,16
fco_35_5.5_1,5.5,1,34
fco_35_5.5_2,5.5,2,10
fco_35_5.5_3,5.5,3,17
fco_35_5.5_4,5.5,4,35
fco_35_5.5_5,5.5,5,8
fco_35_5.5_6,5.5,6,33
fco_35_5.5_7,5.5,7,13
fco_35_5.5_8,5.5,8,9
fco_35_5.5_9,5.5,9,8
fco_35_5.5_10,5.5,10,22
fco_35_5.5_11,5.5,11,20
fco_35_5.5_12,5.5,12,18
fco_35_5.5_13,5.5,13,9
fco_35_5.5_14,5.5,14,27
fco_35_5.5_15,5.5,15,16
fco_35_5.5_16,5.5,16,14
fco_35_5.5_17,5.5,17,17
fco_35_5.5_18,5.5,18,29
fco_35_5.5_19,5.5,19,11
fco_35_5.5_20,5.5,20,8
fco_35_5.5_21,5.5,21,15
fco_35_5.5_22,5.5,22,8
fco_35_5.5_23,5.5,23,15
fco_35_5.5_24,5.5,24,11
fco_36_6.8_l_0,5.5,0,9
fco_36_6.8_l_1,5.5,1,12
fco_36_6.8_l_2,5.5,2,13
fco_36_6.8_l_3,5.5,3,8
fco_36_6.8_l_4,5.5,4,20
fco_36_6.8_l_5,5.5,5,8
fco_36_6.8_l_6,5.5,6,9
fco_36_6.8_l_7,5.5,7,10
fco_36_6.8_l_8,5.5,8,10
fco_36_6.8_l_9,5.5,9,9
fco_36_6.8_l_10,5.5,10,11
fco_36_6.8_l_11,5.5,11,8
fco_36_6.8_l_12,5.5,12,30
fco_36_6.8_l_13,5.5,13,14
fco_36_6.8_l_14,5.5,14,12
fco_36_6.8_l_15,5.5,15,28
fco_36_6.8_l_16,5.5,16,9
fco_36_6.8_l_17,5.5,17,8
fco_36_6.8_l_18,5.5,18,10
fco_36_6.8_l_19,5.5,19,38
fco_36_6.8_l_20,5.5,20,12
fco_36_6.8_l_21,5.5,21,9
fco_36_6.8_l_22,5.5,22,11
fco_36_6.8_l_23,5.5,23,13
fco_36_6.8_l_24,5.5,24,8
fco_36_6.8_l_25,5.5,25,19
fco_36_6.8_l_26,5.5,26,8
fco_36_6.8_l_27,5.5,27,12
fco_37_6_l_0,5.5,0,10
fco_37_6_l_1,5.5,1,11
fco_37_6_l_2,5.5,2,9
fco_37_6_l_3,5.5,3,14
fco_37_6_l_4,5.5,4,14
fco_37_6_l_5,5.5,5,9
fco_37_6_l_6,5.5,6,16
fco_37_6_l_7,5.5,7,8
fco_37_6_l_8,5.5,8,8
fco_37_6_l_9,5.5,9,10
fco_37_6_l_10,5.5,10,14
fco_37_6_l_11,5.5,11,15
fco_37_6_l_12,5.5,12,11
fco_37_6_l_13,5.5,13,14
fco_37_6_l_14,5.5,14,15
fco_37_6_l_15,5.5,15,12
fco_37_6_l_16,5.5,16,10
fco_37_6_l_17,5.5,17,12
fco_37_6_l_18,5.5,18,13
fco_38_6_l_0,5.5,0,13
fco_38_6_l_1,5.5,1,25
fco_38_6_l_2,5.5,2,17
fco_38_6_l_3,5.5,3,8
fco_38_6_l_4,5.5,4,11
fco_38_6_l_5,5.5,5,18
fco_38_6_l_6,5.5,6,10
fco_38_6_l_7,5.5,7,8
fco_38_6_l_8,5.5,8,8
fco_38_6_l_9,5.5,9,10
fco_38_6_l_10,5.5,10,15
fco_38_6_l_11,5.5,11,21
fco_38_6_l_12,5.5,12,8
fco_38_6_l_13,5.5,13,10
fco_38_6_l_14,5.5,14,15
fco_39_5.9_l_0,5.9,0,11
fco_39_5.9_l_1,5.9,1,11
fco_39_5.9_l_2,5.9,2,12
fco_39_5.9_l_3,5.9,3,11
fco_39_5.9_l_4,5.9,4,9
fco_39_5.9_l_5,5.9,5,10
fco_39_5.9_l_6,5.9,6,11
fco_39_5.9_l_7,5.9,7,8
fco_39_5.9_l_8,5.9,8,11
fco_39_5.9_l_9,5.9,9,8
fco_39_5.9_l_10,5.9,10,16
fco_39_5.9_l_11,5.9,11,12
fco_39_5.9_l_12,5.9,12,30
fco_39_5.9_l_13,5.9,13,8
fco_3_7.5_0,0,0,19
fco_3_7.5_1,7.5,1,10
fco_3_7.5_2,7.5,2,25
fco_3_7.5_3,0,3,9
fco_3_7.5_4,0,4,8
fco_3_7.5_5,0,5,18
fco_3_7.5_6,0,6,14
fco_3_7.5_7,0,7,16
fco_3_7.5_8,0,8,9
fco_3_7.5_9,0,9,8
fco_3_7.5_10,7.5,10,18
fco_3_7.5_11,0,11,8
fco_3_7.5_12,0,12,10
fco_3_7.5_13,0,13,10
fco_3_7.5_14,0,14,8
fco_3_7.5_15,0,15,9
fco_3_7.5_16,7.5,16,12
fco_3_7.5_17,7.5,17,12
fco_3_7.5_18,7.5,18,9
fco_3_7.5_19,0,19,9
fco_3_7.5_20,7.5,20,10
fco_3_7.5_21,7.5,21,10
fco_3_7.5_22,0,22,12
fco_40_3.5_0,3.5,0,30
fco_40_3.5_1,3.5,1,17
fco_40_3.5_2,3.5,2,23
fco_40_3.5_3,3.5,3,8
fco_40_3.5_4,3.5,4,20
fco_40_3.5_5,3.5,5,24
fco_40_3.5_6,3.5,6,44
fco_40_3.5_7,3.5,7,14
fco_40_3.5_8,3.5,8,20
fco_40_3.5_9,3.5,9,29
fco_40_3.5_10,3.5,10,14
fco_40_3.5_11,3.5,11,57
fco_40_3.5_12,3.5,12,35
fco_40_3.5_13,3.5,13,26
fco_40_3.5_14,3.5,14,8
fco_41_3_0,3,0,9
fco_41_3_1,3,1,15
fco_41_3_2,3,2,13
fco_41_3_3,3,3,10
fco_41_3_4,3,4,13
fco_41_3_5,3,5,19
fco_41_3_6,3,6,8
fco_41_3_7,3,7,8
fco_41_3_8,3,8,24
fco_41_3_9,3,9,26
fco_41_3_10,3,10,13
fco_41_3_11,3,11,37
fco_41_3_12,3,12,25
fco_42_2_0,2,0,13
fco_42_2_1,2,1,19
fco_42_2_2,2,2,10
fco_42_2_3,2,3,10
fco_42_2_4,2,4,8
fco_42_2_5,2,5,16
fco_42_2_6,2,6,14
fco_42_2_7,2,7,14
fco_42_2_8,2,8,9
fco_42_2_9,2,9,12
fco_42_2_10,2,10,14
fco_42_2_11,2,11,10
fco_42_2_12,2,12,8
fco_42_2_13,2,13,9
fco_42_2_14,2,14,10
fco_42_2_15,2,15,9
fco_42_2_16,2,16,16
fco_42_2_17,2,17,18
fco_42_2_18,2,18,21
fco_42_2_19,2,19,10
fco_42_2_20,2,20,17
fco_42_2_21,2,21,18
fco_42_2_22,2,22,8
fco_42_2_23,2,23,8
fco_42_2_24,2,24,11
fco_42_2_25,2,25,17
fco_42_2_26,2,26,20
fco_42_2_27,2,27,18
fco_43_2.5_0,2.5,0,12
fco_43_2.5_1,2.5,1,15
fco_43_2.5_2,2.5,2,8
fco_43_2.5_3,2.5,3,22
fco_43_2.5_4,2.5,4,8
fco_43_2.5_5,2.5,5,12
fco_43_2.5_6,2.5,6,13
fco_43_2.5_7,2.5,7,9
fco_43_2.5_8,2.5,8,14
fco_43_2.5_9,2.5,9,8
fco_43_2.5_10,2.5,10,9
fco_43_2.5_11,2.5,11,10
fco_43_2.5_12,2.5,12,17
fco_43_2.5_13,2.5,13,16
fco_43_2.5_14,2.5,14,15
fco_43_2.5_15,2.5,15,12
fco_43_2.5_16,2.5,16,13
fco_43_2.5_17,2.5,17,30
fco_43_2.5_18,2.5,18,8
fco_44_1.5_0,1.5,0,11
fco_44_1.5_1,1.5,1,8
fco_44_1.5_2,1.5,2,11
fco_44_1.5_3,1.5,3,26
fco_44_1.5_4,1.5,4,14
fco_44_1.5_5,1.5,5,27
fco_44_1.5_6,1.5,6,26
fco_44_1.5_7,1.5,7,10
fco_44_1.5_8,1.5,8,12
fco_44_1.5_9,1.5,9,9
fco_44_1.5_10,1.5,10,9
fco_44_1.5_11,1.5,11,11
fco_44_1.5_12,1.5,12,17
fco_44_1.5_13,1.5,13,9
fco_44_1.5_14,1.5,14,41
fco_44_1.5_15,1.5,15,26
fco_44_1.5_16,1.5,16,14
fco_44_1.5_17,1.5,17,53
fco_45_1_0,1,0,15
fco_45_1_1,1,1,16
fco_45_1_2,1,2,8
fco_45_1_3,1,3,18
fco_45_1_4,1,4,9
fco_45_1_5,1,5,12
fco_45_1_6,1,6,11
fco_45_1_7,1,7,16
fco_45_1_8,1,8,13
fco_45_1_9,1,9,12
fco_45_1_10,1,10,11
fco_45_1_11,1,11,15
fco_45_1_12,1,12,14
fco_45_1_13,1,13,11
fco_45_1_14,1,14,12
fco_45_1_15,1,15,19
fco_45_1_16,1,16,17
fco_45_1_17,1,17,24
fco_45_1_18,1,18,14
fco_45_1_19,1,19,15
fco_45_1_20,1,20,20
fco_45_1_21,1,21,13
fco_45_1_22,1,22,18
fco_45_1_23,1,23,15
fco_45_1_24,1,24,17
fco_45_1_25,1,25,8
fco_45_1_26,1,26,32
fco_45_1_27,1,27,15
fco_46_7.9_0,0,0,9
fco_46_7.9_1,7.9,1,31
fco_46_7.9_2,0,2,9
fco_46_7.9_3,0,3,12
fco_46_7.9_4,0,4,13
fco_46_7.9_5,0,5,12
fco_46_7.9_6,0,6,10
fco_46_7.9_7,7.9,7,33
fco_46_7.9_8,0,8,11
fco_46_7.9_9,0,9,18
fco_46_7.9_10,7.9,10,11
fco_46_7.9_11,7.9,11,36
fco_46_7.9_12,0,12,12
fco_46_7.9_13,0,13,12
fco_46_7.9_14,7.9,14,20
fco_46_7.9_15,0,15,17
fco_46_7.9_16,0,16,8
fco_46_7.9_17,0,17,13
fco_46_7.9_18,0,18,19
fco_46_7.9_19,0,19,8
fco_46_7.9_20,0,20,9
fco_46_7.9_21,0,21,9
fco_46_7.9_22,7.9,22,13
fco_46_7.9_23,0,23,9
fco_46_7.9_24,0,24,9
fco_46_7.9_25,0,25,8
fco_46_7.9_26,0,26,10
fco_46_7.9_27,0,27,9
fco_46_7.9_28,6,28,19
fco_46_7.9_29,0,29,9
fco_46_7.9_30,0,30,10
fco_46_7.9_31,7.9,31,22
fco_46_7.9_32,0,32,9
fco_46_7.9_33,0,33,11
fco_46_7.9_34,0,34,13
fco_46_7.9_35,0,35,22
fco_46_7.9_36,0,36,11
fco_46_7.9_37,0,37,9
fco_46_7.9_38,0,38,24
fco_46_7.9_39,0,39,25
fco_48_6_0,5,0,13
fco_48_6_1,5,1,13
fco_48_6_2,5,2,19
fco_48_6_3,5,3,8
fco_48_6_4,5,4,10
fco_48_6_5,5,5,18
fco_48_6_6,5,6,9
fco_48_6_7,5,7,13
fco_48_6_8,5,8,12
fco_48_6_9,5,9,10
fco_48_6_10,5,10,16
fco_48_6_11,5,11,13
fco_48_6_12,5,12,12
fco_48_6_13,5,13,8
fco_48_6_14,5,14,8
fco_48_6_15,5,15,8
fco_48_6_16,5,16,10
fco_48_6_17,5,17,8
fco_48_6_18,5,18,14
fco_48_6_19,5,19,15
fco_48_6_20,5,20,13
fco_48_6_21,5,21,8
fco_48_6_22,5,22,22
fco_48_6_23,5,23,8
fco_48_6_24,5,24,8
fco_48_6_25,5,25,9
fco_48_6_26,5,26,8
fco_48_6_27,5,27,11
fco_48_6_28,5,28,16
fco_48_6_29,5,29,14
fco_48_6_30,5,30,21
fco_48_6_31,5,31,15
fco_48_6_32,5,32,19
fco_48_6_33,5,33,14
fco_48_6_34,5,34,9
fco_4_3.5_0,3.5,0,16
fco_4_3.5_1,3.5,1,13
fco_4_3.5_2,3.5,2,9
fco_4_3.5_3,3.5,3,9
fco_4_3.5_4,3.5,4,18
fco_4_3.5_5,3.5,5,20
fco_4_3.5_6,3.5,6,9
fco_4_3.5_7,3.5,7,10
fco_4_3.5_8,3.5,8,14
fco_4_3.5_9,3.5,9,19
fco_4_3.5_10,3.5,10,22
fco_4_3.5_11,3.5,11,11
fco_4_3.5_12,3.5,12,11
fco_4_3.5_13,3.5,13,9
fco_4_3.5_14,3.5,14,11
fco_4_3.5_15,3.5,15,12
fco_4_3.5_16,3.5,16,11
fco_4_3.5_17,3.5,17,12
fco_4_3.5_18,3.5,18,8
fco_4_3.5_19,3.5,19,26
fco_4_3.5_20,3.5,20,9
fco_4_3.5_21,3.5,21,8
fco_50_10_l_0,10,0,10
fco_50_10_l_1,0,1,11
fco_50_10_l_2,10,2,10
fco_50_10_l_3,0,3,12
fco_50_10_l_4,0,4,10
fco_50_10_l_5,10,5,8
fco_50_10_l_6,0,6,11
fco_50_10_l_7,10,7,8
fco_50_10_l_8,0,8,13
fco_50_10_l_9,10,9,9
fco_50_10_l_10,0,10,12
fco_50_10_l_11,0,11,11
fco_50_10_l_12,10,12,8
fco_50_10_l_13,0,13,10
fco_50_10_l_14,0,14,13
fco_50_10_l_15,0,15,9
fco_50_10_l_16,0,16,12
fco_50_10_l_17,10,17,8
fco_50_10_l_18,0,18,15
fco_50_10_l_19,0,19,9
fco_50_10_l_20,10,20,8
fco_50_10_l_21,0,21,11
fco_50_10_l_22,10,22,8
fco_50_10_l_23,10,23,21
fco_50_10_l_24,0,24,8
fco_50_10_l_25,0,25,9
fco_50_10_l_26,10,26,11
fco_50_10_l_27,10,27,22
fco_50_10_l_28,10,28,26
fco_50_10_l_29,0,29,13
fco_50_10_l_30,10,30,11
fco_50_10_l_31,0,31,9
fco_50_10_l_32,10,32,11
fco_50_10_l_33,0,33,12
fco_50_10_l_34,0,34,10
fco_50_10_l_35,0,35,10
fco_50_10_l_36,10,36,12
fco_50_10_l_37,0,37,13
fco_50_10_l_38,10,38,12
fco_50_10_l_39,0,39,11
fco_50_4_0,4,0,13
fco_50_4_1,4,1,11
fco_50_4_2,4,2,9
fco_50_4_3,4,3,14
fco_50_4_4,4,4,10
fco_50_4_5,4,5,16
fco_50_4_6,4,6,11
fco_50_4_7,4,7,15
fco_50_4_8,4,8,12
fco_50_4_9,4,9,18
fco_50_4_10,4,10,13
fco_50_4_11,4,11,11
fco_51_2_L_0,2,0,12
fco_51_2_L_1,2,1,12
fco_51_2_L_2,2,2,13
fco_51_2_L_3,2,3,16
fco_51_2_L_4,2,4,13
fco_51_2_L_5,2,5,9
fco_51_2_L_6,2,6,10
fco_51_2_L_7,2,7,9
fco_51_2_L_8,2,8,15
fco_51_2_L_9,2,9,8
fco_51_2_L_10,2,10,18
fco_51_2_L_11,2,11,17
fco_51_2_L_12,2,12,28
fco_51_2_L_13,2,13,8
fco_51_2_L_14,2,14,14
fco_51_2_L_15,2,15,8
fco_51_2_L_16,2,16,11
fco_51_2_L_17,2,17,8
fco_51_2_L_18,2,18,25
fco_51_2_L_19,2,19,21
fco_51_2_L_20,2,20,10
fco_51_2_L_21,2,21,29
fco_51_2_L_22,2,22,13
fco_51_2_L_23,2,23,20
fco_51_2_L_24,2,24,26
fco_51_2_L_25,2,25,9
fco_51_2_L_26,2,26,22
fco_51_2_L_27,2,27,23
fco_51_2_L_28,2,28,15
fco_51_2_L_29,2,29,15
fco_51_2_L_30,2,30,13
fco_51_2_L_31,2,31,14
fco_51_2_L_32,2,32,16
fco_51_2_L_33,2,33,12
fco_51_2_L_34,2,34,11
fco_51_2_L_35,2,35,10
fco_51_2_L_36,2,36,23
fco_51_2_L_37,2,37,10
fco_51_8.5_0,0,0,14
fco_51_8.5_1,0,1,18
fco_51_8.5_2,0,2,23
fco_51_8.5_3,0,3,10
fco_51_8.5_4,0,4,21
fco_51_8.5_5,8.5,5,14
fco_51_8.5_6,8.5,6,26
fco_51_8.5_7,0,7,16
fco_51_8.5_8,8.5,8,16
fco_51_8.5_9,0,9,12
fco_51_8.5_10,8.5,10,14
fco_51_8.5_11,0,11,8
fco_51_8.5_12,0,12,12
fco_51_8.5_13,0,13,16
fco_51_8.5_14,8.5,14,23
fco_51_8.5_15,8.5,15,31
fco_51_8.5_16,8.5,16,62
fco_51_8.5_17,0,17,10
fco_51_8.5_18,0,18,12
fco_52_3_0,3,0,12
fco_52_3_1,3,1,15
fco_52_3_2,3,2,9
fco_52_3_3,3,3,9
fco_52_3_4,3,4,8
fco_52_3_5,3,5,8
fco_52_3_6,3,6,11
fco_52_8.5_0,8.5,0,22
fco_52_8.5_1,0,1,9
fco_52_8.5_2,0,2,21
fco_52_8.5_3,0,3,18
fco_52_8.5_4,8.5,4,28
fco_52_8.5_5,8.5,5,36
fco_52_8.5_6,0,6,14
fco_52_8.5_7,0,7,9
fco_52_8.5_8,0,8,9
fco_52_8.5_9,0,9,16
fco_52_8.5_10,0,10,9
fco_52_8.5_11,8.5,11,8
fco_52_8.5_12,0,12,9
fco_52_8.5_13,8.5,13,23
fco_52_8.5_14,8.5,14,13
fco_52_8.5_15,0,15,13
fco_52_8.5_16,8.5,16,11
fco_52_8.5_17,0,17,14
fco_52_8.5_18,8.5,18,10
fco_52_8.5_19,0,19,17
fco_52_8.5_20,8.5,20,12
fco_52_8.5_21,0,21,17
fco_52_8.5_22,8.5,22,68
fco_52_8.5_23,0,23,19
fco_52_8.5_24,0,24,11
fco_52_8.5_25,0,25,13
fco_52_8.5_26,8.5,26,16
fco_52_8.5_27,0,27,16
fco_52_8.5_28,0,28,11
fco_52_8.5_29,8.5,29,14
fco_52_8.5_30,0,30,14
fco_52_8.5_31,8.5,31,16
fco_52_8.5_32,0,32,12
fco_52_8.5_33,8.5,33,14
fco_52_8.5_34,0,34,13
fco_52_8.5_35,8.5,35,12
fco_52_8.5_36,0,36,13
fco_52_8.5_37,0,37,8
fco_52_8.5_38,0,38,9
fco_52_8.5_39,0,39,12
fco_52_8.5_40,8.5,40,9
fco_52_8.5_41,0,41,18
fco_52_8.5_42,8.5,42,12
fco_52_8.5_43,0,43,17
fco_52_8.5_44,8.5,44,8
fco_52_8.5_45,0,45,17
fco_52_8.5_46,8.5,46,11
fco_52_8.5_47,0,47,11
fco_52_8.5_48,8.5,48,8
fco_52_8.5_49,8.5,49,29
fco_52_8.5_50,0,50,22
fco_53_3_0,3,0,17
fco_53_3_1,3,1,13
fco_53_3_2,3,2,16
fco_53_3_3,3,3,10
fco_53_3_4,3,4,18
fco_53_3_5,3,5,15
fco_53_3_6,3,6,8
fco_53_3_7,3,7,9
fco_53_8.5_0,8.5,0,29
fco_53_8.5_1,0,1,12
fco_53_8.5_2,8.5,2,8
fco_53_8.5_3,0,3,8
fco_53_8.5_4,0,4,19
fco_53_8.5_5,0,5,12
fco_53_8.5_6,0,6,17
fco_53_8.5_7,0,7,17
fco_53_8.5_8,8.5,8,12
fco_53_8.5_9,8.5,9,32
fco_53_8.5_10,0,10,16
fco_53_8.5_11,8.5,11,25
fco_53_8.5_12,8.5,12,68
fco_53_8.5_13,8.5,13,29
fco_53_8.5_14,0,14,11
fco_53_8.5_15,8.5,15,9
fco_53_8.5_16,0,16,20
fco_53_8.5_17,8.5,17,12
fco_53_8.5_18,0,18,15
fco_53_8.5_19,8.5,19,12
fco_53_8.5_20,0,20,12
fco_53_8.5_21,8.5,21,13
fco_53_8.5_22,0,22,12
fco_53_8.5_23,8.5,23,27
fco_53_8.5_24,8.5,24,28
fco_53_8.5_25,8.5,25,9
fco_53_8.5_26,8.5,26,23
fco_53_8.5_27,0,27,14
fco_53_8.5_28,8.5,28,11
fco_53_8.5_29,0,29,12
fco_54_4_L_0,4,0,8
fco_54_4_L_1,4,1,8
fco_54_4_L_2,4,2,12
fco_54_4_L_3,4,3,9
fco_54_4_L_4,4,4,9
fco_54_4_L_5,4,5,8
fco_54_4_L_6,4,6,16
fco_54_4_L_7,4,7,16
fco_54_4_L_8,4,8,13
fco_54_4_L_9,4,9,9
fco_54_4_L_10,4,10,20
fco_54_4_L_11,4,11,9
fco_54_4_L_12,4,12,21
fco_54_4_L_13,4,13,8
fco_54_4_L_14,4,14,31
fco_54_4_L_15,4,15,14
fco_54_4_L_16,4,16,24
fco_54_4_L_17,4,17,16
fco_54_4_L_18,4,18,9
fco_54_4_L_19,4,19,16
fco_54_4_L_20,4,20,21
fco_54_4_L_21,4,21,10
fco_54_4_L_22,4,22,9
fco_54_4_L_23,4,23,37
fco_54_4_L_24,4,24,14
fco_54_4_L_25,4,25,12
fco_55_3.5_0,3.5,0,14
fco_55_3.5_1,3.5,1,15
fco_55_3.5_2,3.5,2,16
fco_55_3.5_3,3.5,3,10
fco_55_3.5_4,3.5,4,18
fco_55_3.5_5,3.5,5,8
fco_55_3.5_6,3.5,6,16
fco_55_3.5_7,3.5,7,9
fco_55_3.5_8,3.5,8,12
fco_55_3.5_9,3.5,9,12
fco_55_3.5_10,3.5,10,10
fco_55_3.5_11,3.5,11,13
fco_55_3.5_12,3.5,12,23
fco_56_3_0,3,0,14
fco_56_3_1,3,1,15
fco_56_3_2,3,2,23
fco_56_3_3,3,3,32
fco_56_3_4,3,4,28
fco_56_3_5,3,5,13
fco_56_3_6,3,6,10
fco_56_3_7,3,7,9
fco_56_3_8,3,8,15
fco_56_3_9,3,9,28
fco_56_3_10,3,10,24
fco_56_3_11,3,11,13
fco_56_3_12,3,12,10
fco_56_3_13,3,13,13
fco_56_3_14,3,14,10
fco_56_3_15,3,15,11
fco_56_3_16,3,16,28
fco_56_3_17,3,17,12
fco_56_3_18,3,18,13
fco_56_3_19,3,19,23
fco_56_3_20,3,20,12
fco_56_3_21,3,21,10
fco_57_4.5_L_0,4.5,0,9
fco_57_4.5_L_1,4.5,1,9
fco_57_4.5_L_2,4.5,2,14
fco_57_4.5_L_3,4.5,3,13
fco_57_4.5_L_4,4.5,4,10
fco_57_4.5_L_5,4.5,5,18
fco_57_4.5_L_6,4.5,6,19
fco_57_4.5_L_7,4.5,7,13
fco_57_4.5_L_8,4.5,8,11
fco_57_4.5_L_9,4.5,9,15
fco_57_4.5_L_10,4.5,10,15
fco_57_4.5_L_11,4.5,11,18
fco_58_1_0,1,0,15
fco_58_1_1,1,1,9
fco_58_1_2,1,2,22
fco_58_1_3,1,3,10
fco_58_1_4,1,4,9
fco_58_1_5,1,5,39
fco_58_1_6,1,6,24
fco_59_8_L_0,8,0,10
fco_59_8_L_1,0,1,8
fco_59_8_L_2,8,2,10
fco_59_8_L_3,0,3,8
fco_59_8_L_4,0,4,14
fco_59_8_L_5,0,5,9
fco_59_8_L_6,8,6,9
fco_59_8_L_7,8,7,27
fco_59_8_L_8,0,8,9
fco_59_8_L_9,8,9,8
fco_59_8_L_10,0,10,12
fco_59_8_L_11,8,11,9
fco_59_8_L_12,0,12,8
fco_59_8_L_13,8,13,13
fco_59_8_L_14,0,14,8
fco_5_5.5_0,5.5,0,16
fco_5_5.5_1,5.5,1,10
fco_5_5.5_2,5.5,2,10
fco_5_5.5_3,5.5,3,12
fco_5_5.5_4,5.5,4,11
fco_5_5.5_5,5.5,5,15
fco_5_5.5_6,5.5,6,12
fco_5_5.5_7,5.5,7,22
fco_5_5.5_8,5.5,8,10
fco_5_5.5_9,5.5,9,13
fco_5_5.5_10,5.5,10,21
fco_5_5.5_11,5.5,11,8
fco_5_5.5_12,5.5,12,11
fco_5_5.5_13,5.5,13,11
fco_5_5.5_14,5.5,14,8
fco_5_5.5_15,5.5,15,14
fco_5_5.5_16,5.5,16,12
fco_5_5.5_17,5.5,17,10
fco_5_5.5_18,5.5,18,8
fco_5_5.5_19,5.5,19,8
fco_5_5.5_20,5.5,20,12
fco_5_5.5_21,5.5,21,15
fco_60_3_0,3,0,16
fco_60_3_1,3,1,8
fco_60_3_2,3,2,11
fco_60_3_3,3,3,17
fco_60_3_4,3,4,9
fco_60_3_5,3,5,9
fco_60_3_6,3,6,22
fco_61_4_l_0,4,0,17
fco_61_4_l_1,4,1,11
fco_61_4_l_2,4,2,11
fco_61_4_l_3,4,3,8
fco_61_4_l_4,4,4,15
fco_61_4_l_5,4,5,14
fco_61_4_l_6,4,6,9
fco_61_4_l_7,4,7,14
fco_61_4_l_8,4,8,13
fco_61_4_l_9,4,9,12
fco_61_4_l_10,4,10,11
fco_61_4_l_11,4,11,9
fco_61_4_l_12,4,12,12
fco_61_4_l_13,4,13,17
fco_61_4_l_14,4,14,22
fco_61_4_l_15,4,15,22
fco_61_4_l_16,4,16,21
fco_61_4_l_17,4,17,25
fco_61_4_l_18,4,18,18
fco_61_4_l_19,4,19,21
fco_61_4_l_20,4,20,14
fco_61_4_l_21,4,21,9
fco_61_4_l_22,4,22,11
fco_62_3_l_0,3,0,9
fco_62_3_l_1,3,1,11
fco_62_3_l_2,3,2,20
fco_62_3_l_3,3,3,10
fco_62_3_l_4,3,4,13
fco_62_3_l_5,3,5,8
fco_62_3_l_6,3,6,8
fco_62_3_l_7,3,7,13
fco_62_3_l_8,3,8,11
fco_62_3_l_9,3,9,13
fco_62_3_l_10,3,10,22
fco_62_3_l_11,3,11,8
fco_62_3_l_12,3,12,9
fco_62_3_l_13,3,13,10
fco_62_3_l_14,3,14,9
fco_62_3_l_15,3,15,17
fco_62_3_l_16,3,16,22
fco_62_3_l_17,3,17,12
fco_62_3_l_18,3,18,18
fco_62_3_l_19,3,19,9
fco_62_3_l_20,3,20,10
fco_62_3_l_21,3,21,9
fco_62_3_l_22,3,22,20
fco_63_3.5_0,3.5,0,11
fco_63_3.5_1,3.5,1,9
fco_63_3.5_2,3.5,2,22
fco_63_3.5_3,3.5,3,12
fco_63_3.5_4,3.5,4,12
fco_63_3.5_5,3.5,5,13
fco_63_3.5_6,3.5,6,8
fco_64_8_0,0,0,25
fco_64_8_1,0,1,11
fco_64_8_2,0,2,9
fco_64_8_3,0,3,35
fco_64_8_4,0,4,13
fco_64_8_5,8,5,11
fco_64_8_6,0,6,10
fco_64_8_7,0,7,10
fco_64_8_8,0,8,12
fco_64_8_9,0,9,10
fco_64_8_10,0,10,9
fco_65_4_0,4,0,12
fco_65_4_1,4,1,11
fco_65_4_2,4,2,12
fco_65_4_3,4,3,17
fco_65_4_4,4,4,9
fco_65_4_5,4,5,19
fco_65_4_6,4,6,11
fco_65_4_7,4,7,8
fco_65_4_8,4,8,20
fco_65_4_9,4,9,8
fco_66_1_0,1,0,51
fco_66_1_1,1,1,22
fco_66_1_2,1,2,12
fco_67_7_0,7,0,25
fco_67_7_1,0,1,9
fco_67_7_2,0,2,30
fco_67_7_3,0,3,13
fco_67_7_4,0,4,9
fco_67_7_5,0,5,12
fco_67_7_6,7,6,13
fco_67_7_7,0,7,9
fco_67_7_8,0,8,13
fco_68_1_0,1,0,21
fco_68_1_1,1,1,37
fco_68_1_2,1,2,16
fco_68_1_3,1,3,9
fco_68_1_4,1,4,21
fco_68_1_5,1,5,23
fco_68_1_6,1,6,10
fco_68_1_7,1,7,21
fco_68_1_8,1,8,10
fco_68_1_9,1,9,13
fco_68_1_10,1,10,11
fco_68_1_11,1,11,19
fco_68_1_12,1,12,16
fco_68_1_13,1,13,12
fco_68_1_14,1,14,21
fco_68_1_15,1,15,17
fco_68_1_16,1,16,32
fco_68_1_17,1,17,12
fco_68_1_18,1,18,14
fco_68_1_19,1,19,9
fco_68_1_20,1,20,13
fco_69_3_L_0,3,0,8
fco_69_3_L_1,3,1,33
fco_69_3_L_2,3,2,17
fco_69_3_L_3,3,3,10
fco_69_3_L_4,3,4,12
fco_69_3_L_5,3,5,19
fco_69_3_L_6,3,6,10
fco_69_3_L_7,3,7,12
fco_69_3_L_8,3,8,31
fco_69_3_L_9,3,9,14
fco_69_3_L_10,3,10,8
fco_69_3_L_11,3,11,11
fco_69_3_L_12,3,12,8
fco_69_3_L_13,3,13,25
fco_69_3_L_14,3,14,14
fco_6_4.5_0,4.5,0,9
fco_6_4.5_1,4.5,1,19
fco_6_4.5_2,4.5,2,13
fco_6_4.5_3,4.5,3,16
fco_6_4.5_4,4.5,4,9
fco_6_4.5_5,4.5,5,24
fco_6_4.5_6,4.5,6,13
fco_6_4.5_7,4.5,7,11
fco_6_4.5_8,4.5,8,8
fco_6_4.5_9,4.5,9,25
fco_6_4.5_10,4.5,10,8
fco_6_4.5_11,4.5,11,13
fco_6_4.5_12,4.5,12,11
fco_6_4.5_13,4.5,13,16
fco_6_4.5_14,4.5,14,10
fco_6_4.5_15,4.5,15,35
fco_6_4.5_16,4.5,16,19
fco_6_4.5_17,4.5,17,10
fco_6_4.5_18,4.5,18,26
fco_6_4.5_19,4.5,19,13
fco_6_4.5_20,4.5,20,9
fco_6_4.5_21,4.5,21,14
fco_6_4.5_22,4.5,22,12
fco_6_4.5_23,4.5,23,15
fco_6_4.5_24,4.5,24,10
fco_6_4.5_25,4.5,25,12
fco_6_4.5_26,4.5,26,12
fco_6_4.5_27,4.5,27,13
fco_6_4.5_28,4.5,28,9
fco_6_4.5_29,4.5,29,24
fco_6_4.5_30,4.5,30,13
fco_6_4.5_31,4.5,31,16
fco_6_4.5_32,4.5,32,12
fco_6_4.5_33,4.5,33,16
fco_6_4.5_34,4.5,34,12
fco_6_4.5_35,4.5,35,16
fco_6_4.5_36,4.5,36,10
fco_6_4.5_37,4.5,37,27
fco_6_4.5_38,4.5,38,9
fco_6_4.5_39,4.5,39,16
fco_6_4.5_40,4.5,40,13
fco_6_4.5_41,4.5,41,28
fco_6_4.5_42,4.5,42,18
fco_6_4.5_43,4.5,43,10
fco_6_4.5_44,4.5,44,13
fco_6_4.5_45,4.5,45,13
fco_6_4.5_46,4.5,46,14
fco_6_4.5_47,4.5,47,8
fco_6_4.5_48,4.5,48,16
fco_6_4.5_49,4.5,49,13
fco_6_4.5_50,4.5,50,15
fco_6_4.5_51,4.5,51,9
fco_6_4.5_52,4.5,52,11
fco_6_4.5_53,4.5,53,10
fco_6_4.5_54,4.5,54,16
fco_6_4.5_55,4.5,55,33
fco_6_4.5_56,4.5,56,8
fco_6_4.5_57,4.5,57,14
fco_6_4.5_58,4.5,58,14
fco_6_4.5_59,4.5,59,27
fco_6_4.5_60,4.5,60,15
fco_6_4.5_61,4.5,61,12
fco_6_4.5_62,4.5,62,16
fco_6_4.5_63,4.5,63,9
fco_6_4.5_64,4.5,64,19
fco_6_4.5_65,4.5,65,13
fco_6_4.5_66,4.5,66,11
fco_6_4.5_67,4.5,67,10
fco_6_4.5_68,4.5,68,8
fco_6_4.5_69,4.5,69,13
fco_6_4.5_70,4.5,70,11
fco_6_4.5_71,4.5,71,12
fco_6_4.5_72,4.5,72,12
fco_6_4.5_73,4.5,73,35
fco_6_4.5_74,4.5,74,35
fco_6_4.5_75,4.5,75,17
fco_6_4.5_76,4.5,76,11
fco_6_4.5_77,4.5,77,28
fco_6_4.5_78,4.5,78,8
fco_6_4.5_79,4.5,79,14
fco_6_4.5_80,4.5,80,11
fco_6_4.5_81,4.5,81,27
fco_6_4.5_82,4.5,82,16
fco_6_4.5_83,4.5,83,11
fco_6_4.5_84,4.5,84,12
fco_6_4.5_85,4.5,85,13
fco_6_4.5_86,4.5,86,30
fco_6_4.5_87,4.5,87,28
fco_6_4.5_88,4.5,88,26
fco_6_4.5_89,4.5,89,35
fco_6_4.5_90,4.5,90,9
fco_6_4.5_91,4.5,91,11
fco_6_4.5_92,4.5,92,27
fco_6_4.5_93,4.5,93,15
fco_6_4.5_94,4.5,94,15
fco_6_4.5_95,4.5,95,29
fco_6_4.5_96,4.5,96,30
fco_6_4.5_97,4.5,97,14
fco_6_4.5_98,4.5,98,13
fco_6_4.5_99,4.5,99,29
fco_6_4.5_100,4.5,100,31
fco_6_4.5_101,4.5,101,27
fco_6_4.5_102,4.5,102,38
fco_6_4.5_103,4.5,103,16
fco_6_4.5_104,4.5,104,11
fco_6_4.5_105,4.5,105,9
fco_6_4.5_106,4.5,106,18
fco_6_4.5_107,4.5,107,11
fco_6_4.5_108,4.5,108,8
fco_6_4.5_109,4.5,109,14
fco_6_4.5_110,4.5,110,9
fco_6_4.5_111,4.5,111,11
fco_6_4.5_112,4.5,112,12
fco_6_4.5_113,4.5,113,12
fco_6_4.5_114,4.5,114,12
fco_6_4.5_115,4.5,115,15
fco_6_4.5_116,4.5,116,11
fco_6_4.5_117,4.5,117,12
fco_6_4.5_118,4.5,118,10
fco_6_4.5_119,4.5,119,14
fco_6_4.5_120,4.5,120,10
fco_6_4.5_121,4.5,121,9
fco_6_4.5_122,4.5,122,10
fco_6_4.5_123,4.5,123,20
fco_6_4.5_124,4.5,124,17
fco_6_4.5_125,4.5,125,30
fco_6_4.5_126,4.5,126,13
fco_6_4.5_127,4.5,127,12
fco_6_4.5_128,4.5,128,12
fco_6_4.5_129,4.5,129,12
fco_6_4.5_130,4.5,130,25
fco_6_4.5_131,4.5,131,12
fco_6_4.5_132,4.5,132,32
fco_6_4.5_133,4.5,133,27
fco_6_4.5_134,4.5,134,15
fco_6_4.5_135,4.5,135,9
fco_6_4.5_136,4.5,136,27
fco_6_4.5_137,4.5,137,14
fco_6_4.5_138,4.5,138,11
fco_6_4.5_139,4.5,139,9
fco_6_4.5_140,4.5,140,22
fco_6_4.5_141,4.5,141,9
fco_6_4.5_142,4.5,142,16
fco_6_4.5_143,4.5,143,14
fco_6_4.5_144,4.5,144,14
fco_6_4.5_145,4.5,145,15
fco_6_4.5_146,4.5,146,10
fco_6_4.5_147,4.5,147,13
fco_6_4.5_148,4.5,148,18
fco_6_4.5_149,4.5,149,14
fco_6_4.5_150,4.5,150,14
fco_6_4.5_151,4.5,151,30
fco_6_4.5_152,4.5,152,14
fco_6_4.5_153,4.5,153,12
fco_6_4.5_154,4.5,154,15
fco_6_4.5_155,4.5,155,13
fco_6_4.5_156,4.5,156,14
fco_6_4.5_157,4.5,157,14
fco_6_4.5_158,4.5,158,18
fco_6_4.5_159,4.5,159,13
fco_6_4.5_160,4.5,160,14
fco_6_4.5_161,4.5,161,12
fco_6_4.5_162,4.5,162,12
fco_6_4.5_163,4.5,163,13
fco_6_4.5_164,4.5,164,9
fco_6_4.5_165,4.5,165,28
fco_6_4.5_166,4.5,166,19
fco_6_4.5_167,4.5,167,12
fco_6_4.5_168,4.5,168,15
fco_6_4.5_169,4.5,169,14
fco_6_4.5_170,4.5,170,15
fco_6_4.5_171,4.5,171,11
fco_6_4.5_172,4.5,172,26
fco_6_4.5_173,4.5,173,20
fco_6_4.5_174,4.5,174,18
fco_6_4.5_175,4.5,175,15
fco_6_4.5_176,4.5,176,10
fco_6_4.5_177,4.5,177,14
fco_6_4.5_178,4.5,178,13
fco_6_4.5_179,4.5,179,14
fco_6_4.5_180,4.5,180,12
fco_6_4.5_181,4.5,181,17
fco_6_4.5_182,4.5,182,10
fco_6_4.5_183,4.5,183,23
fco_6_4.5_184,4.5,184,12
fco_6_4.5_185,4.5,185,14
fco_6_4.5_186,4.5,186,9
fco_6_4.5_187,4.5,187,14
fco_6_4.5_188,4.5,188,12
fco_6_4.5_189,4.5,189,16
fco_6_4.5_190,4.5,190,12
fco_6_4.5_191,4.5,191,15
fco_6_4.5_192,4.5,192,12
fco_6_4.5_193,4.5,193,15
fco_6_4.5_194,4.5,194,11
fco_6_4.5_195,4.5,195,15
fco_6_4.5_196,4.5,196,12
fco_6_4.5_197,4.5,197,16
fco_6_4.5_198,4.5,198,11
fco_6_4.5_199,4.5,199,9
fco_6_4.5_200,4.5,200,12
fco_6_4.5_201,4.5,201,13
fco_6_4.5_202,4.5,202,15
fco_6_4.5_203,4.5,203,14
fco_6_4.5_204,4.5,204,20
fco_6_4.5_205,4.5,205,25
fco_6_4.5_206,4.5,206,15
fco_6_4.5_207,4.5,207,8
fco_6_4.5_208,4.5,208,63
fco_6_4.5_209,4.5,209,29
fco_6_4.5_210,4.5,210,28
fco_6_4.5_211,4.5,211,19
fco_6_4.5_212,4.5,212,12
fco_6_4.5_213,4.5,213,18
fco_6_4.5_214,4.5,214,12
fco_6_4.5_215,4.5,215,19
fco_6_4.5_216,4.5,216,11
fco_6_4.5_217,4.5,217,16
fco_6_4.5_218,4.5,218,12
fco_6_4.5_219,4.5,219,17
fco_6_4.5_220,4.5,220,13
fco_6_4.5_221,4.5,221,27
fco_6_4.5_222,4.5,222,25
fco_6_4.5_223,4.5,223,17
fco_70_4_0,4,0,12
fco_70_4_1,4,1,14
fco_70_4_2,4,2,12
fco_70_4_3,4,3,9
fco_70_4_4,4,4,10
fco_70_4_5,4,5,13
fco_70_4_6,4,6,13
fco_70_4_7,4,7,9
fco_70_4_8,4,8,8
fco_70_4_9,4,9,12
fco_70_4_10,4,10,15
fco_70_4_11,4,11,9
fco_70_4_12,4,12,9
fco_71_1_0,1,0,10
fco_72_1_0,1,0,11
fco_72_1_1,1,1,16
fco_73_7_L_0,7,0,12
fco_73_7_L_1,0,1,8
fco_73_7_L_2,7,2,12
fco_73_7_L_3,0,3,11
fco_74_4_0,4,0,24
fco_74_4_1,4,1,16
fco_74_4_2,4,2,14
fco_74_4_3,4,3,24
fco_74_4_4,4,4,25
fco_74_4_5,4,5,11
fco_74_4_6,4,6,14
fco_74_4_7,4,7,9
fco_74_4_8,4,8,11
fco_74_4_9,4,9,9
fco_74_4_10,4,10,11
fco_74_4_11,4,11,8
fco_74_4_12,4,12,11
fco_74_4_13,4,13,13
fco_74_4_14,4,14,8
fco_74_4_15,4,15,8
fco_74_4_16,4,16,13
fco_74_4_17,4,17,9
fco_74_4_18,4,18,10
fco_74_4_19,4,19,9
fco_75_4_0,4,0,27
fco_75_4_1,4,1,8
fco_75_4_2,4,2,9
fco_75_4_3,4,3,25
fco_75_4_4,4,4,8
fco_75_4_5,4,5,10
fco_75_4_6,4,6,14
fco_75_4_7,4,7,18
fco_76_4_0,4,0,17
fco_76_4_1,4,1,16
fco_76_4_2,4,2,13
fco_76_4_3,4,3,11
fco_76_4_4,4,4,8
fco_77_4_0,4,0,13
fco_77_4_1,4,1,8
fco_77_4_2,4,2,29
fco_77_4_3,4,3,8
fco_77_4_4,4,4,15
fco_77_4_5,4,5,8
fco_77_4_6,4,6,10
fco_77_4_7,4,7,10
fco_77_4_8,4,8,14
fco_77_4_9,4,9,10
fco_77_4_10,4,10,12
fco_77_4_11,4,11,14
fco_77_4_12,4,12,8
fco_77_4_13,4,13,14
fco_78_4_0,4,0,19
fco_78_4_1,4,1,13
fco_78_4_2,4,2,12
fco_78_4_3,4,3,15
fco_78_4_4,4,4,11
fco_78_4_5,4,5,11
fco_78_4_6,4,6,17
fco_79_4_0,4,0,8
fco_79_4_1,4,1,14
fco_79_4_2,4,2,14
fco_79_4_3,4,3,8
fco_79_4_4,4,4,10
fco_79_4_5,4,5,9
fco_79_4_6,4,6,24
fco_79_4_7,4,7,8
fco_79_4_8,4,8,10
fco_79_4_9,4,9,8
fco_79_4_10,4,10,10
fco_7_3_0,3,0,71
fco_7_3_1,3,1,8
fco_7_3_2,3,2,19
fco_7_3_3,3,3,15
fco_7_3_4,3,4,22
fco_7_3_5,3,5,8
fco_7_3_6,3,6,11
fco_7_3_7,3,7,10
fco_7_3_8,3,8,16
fco_7_3_9,3,9,21
fco_7_3_10,3,10,18
fco_7_3_11,3,11,26
fco_7_3_12,3,12,16
fco_7_3_13,3,13,15
fco_7_3_14,3,14,12
fco_7_3_15,3,15,11
fco_7_3_16,3,16,11
fco_7_3_17,3,17,8
fco_7_3_18,3,18,10
fco_7_3_19,3,19,13
fco_7_3_20,3,20,11
fco_7_3_21,3,21,17
fco_7_3_22,3,22,11
fco_7_3_23,3,23,9
fco_7_3_24,3,24,15
fco_7_3_25,3,25,16
fco_7_3_26,3,26,18
fco_7_3_27,3,27,12
fco_7_3_28,3,28,8
fco_7_3_29,3,29,10
fco_7_3_30,3,30,12
fco_7_3_31,3,31,12
fco_7_3_32,3,32,18
fco_7_3_33,3,33,34
fco_7_3_34,3,34,21
fco_7_3_35,3,35,13
fco_7_3_36,3,36,10
fco_7_3_37,3,37,17
fco_7_3_38,3,38,8
fco_7_3_39,3,39,8
fco_7_3_40,3,40,16
fco_7_3_41,3,41,15
fco_7_3_42,3,42,15
fco_7_3_43,3,43,14
fco_7_3_44,3,44,16
fco_7_3_45,3,45,18
fco_7_3_46,3,46,15
fco_7_3_47,3,47,16
fco_7_3_48,3,48,8
fco_7_3_49,3,49,14
fco_7_3_50,3,50,13
fco_7_3_51,3,51,36
fco_7_3_52,3,52,8
fco_7_3_53,3,53,8
fco_7_3_54,3,54,15
fco_7_3_55,3,55,11
fco_7_3_56,3,56,11
fco_7_3_57,3,57,14
fco_7_3_58,3,58,15
fco_7_3_59,3,59,33
fco_7_3_60,3,60,22
fco_7_3_61,3,61,11
fco_7_3_62,3,62,9
fco_7_3_63,3,63,12
fco_7_3_64,3,64,9
fco_7_3_65,3,65,10
fco_7_3_66,3,66,9
fco_7_3_67,3,67,9
fco_7_3_68,3,68,13
fco_7_3_69,3,69,28
fco_7_3_70,3,70,27
fco_7_3_71,3,71,22
fco_7_3_72,3,72,11
fco_7_3_73,3,73,10
fco_7_3_74,3,74,10
fco_7_3_75,3,75,32
fco_7_3_76,3,76,16
fco_7_3_77,3,77,11
fco_7_3_78,3,78,10
fco_7_3_79,3,79,11
fco_7_3_80,3,80,8
fco_7_3_81,3,81,22
fco_7_3_82,3,82,12
fco_7_3_83,3,83,8
fco_7_3_84,3,84,10
fco_7_3_85,3,85,9
fco_7_3_86,3,86,8
fco_7_3_87,3,87,14
fco_7_3_88,3,88,8
fco_7_3_89,3,89,14
fco_7_3_90,3,90,25
fco_7_3_91,3,91,8
fco_7_3_92,3,92,19
fco_7_3_93,3,93,19
fco_7_3_94,3,94,11
fco_7_3_95,3,95,9
fco_7_3_96,3,96,10
fco_7_3_97,3,97,11
fco_7_3_98,3,98,14
fco_7_3_99,3,99,44
fco_7_3_100,3,100,8
fco_7_3_101,3,101,10
fco_7_3_102,3,102,8
fco_7_3_103,3,103,13
fco_7_3_104,3,104,9
fco_7_3_105,3,105,8
fco_7_3_106,3,106,9
fco_7_3_107,3,107,11
fco_7_3_108,3,108,17
fco_7_3_109,3,109,10
fco_7_3_110,3,110,11
fco_7_3_111,3,111,19
fco_7_3_112,3,112,8
fco_7_3_113,3,113,17
fco_7_3_114,3,114,15
fco_7_3_115,3,115,9
fco_7_3_116,3,116,17
fco_7_3_117,3,117,8
fco_7_3_118,3,118,10
fco_7_3_119,3,119,13
fco_7_3_120,3,120,10
fco_7_3_121,3,121,14
fco_7_3_122,3,122,9
fco_7_3_123,3,123,10
fco_7_3_124,3,124,15
fco_7_3_125,3,125,15
fco_7_3_126,3,126,9
fco_7_3_127,3,127,16
fco_7_3_128,3,128,12
fco_7_3_129,3,129,20
fco_7_3_130,3,130,12
fco_7_3_131,3,131,9
fco_7_3_132,3,132,20
fco_7_3_133,3,133,18
fco_7_3_134,3,134,8
fco_7_3_135,3,135,14
fco_7_3_136,3,136,9
fco_7_3_137,3,137,10
fco_7_3_138,3,138,8
fco_7_3_139,3,139,9
fco_7_3_140,3,140,10
fco_7_3_141,3,141,16
fco_7_3_142,3,142,14
fco_7_3_143,3,143,16
fco_7_3_144,3,144,12
fco_7_3_145,3,145,8
fco_7_3_146,3,146,9
fco_7_3_147,3,147,8
fco_7_3_148,3,148,11
fco_7_3_149,3,149,14
fco_7_3_150,3,150,9
fco_7_3_151,3,151,21
fco_7_3_152,3,152,9
fco_7_3_153,3,153,14
fco_7_3_154,3,154,21
fco_7_3_155,3,155,9
fco_7_3_156,3,156,9
fco_7_3_157,3,157,8
fco_7_3_158,3,158,25
fco_7_3_159,3,159,28
fco_7_3_160,3,160,8
fco_7_3_161,3,161,15
fco_7_3_162,3,162,12
fco_7_3_163,3,163,30
fco_7_3_164,3,164,15
fco_7_3_165,3,165,9
fco_7_3_166,3,166,12
fco_7_3_167,3,167,21
fco_7_3_168,3,168,24
fco_7_3_169,3,169,17
fco_7_3_170,3,170,8
fco_7_3_171,3,171,22
fco_7_3_172,3,172,14
fco_7_3_173,3,173,11
fco_7_3_174,3,174,30
fco_7_3_175,3,175,8
fco_7_3_176,3,176,15
fco_7_3_177,3,177,14
fco_7_3_178,3,178,11
fco_7_3_179,3,179,13
fco_7_3_180,3,180,11
fco_7_3_181,3,181,14
fco_7_3_182,3,182,11
fco_7_3_183,3,183,15
fco_7_3_184,3,184,9
fco_7_3_185,3,185,10
fco_7_3_186,3,186,18
fco_7_3_187,3,187,10
fco_7_3_188,3,188,15
fco_7_3_189,3,189,14
fco_7_3_190,3,190,15
fco_7_3_191,3,191,15
fco_7_3_192,3,192,14
fco_7_3_193,3,193,14
fco_7_3_194,3,194,11
fco_7_3_195,3,195,8
fco_7_3_196,3,196,14
fco_7_3_197,3,197,15
fco_7_3_198,3,198,18
fco_7_3_199,3,199,11
fco_7_3_200,3,200,10
fco_7_3_201,3,201,9
fco_7_3_202,3,202,18
fco_80_4_0,4,0,9
fco_80_4_1,4,1,14
fco_80_4_2,4,2,11
fco_80_4_3,4,3,10
fco_80_4_4,4,4,21
fco_80_4_5,4,5,8
fco_80_4_6,4,6,12
fco_80_4_7,4,7,9
fco_81_5.5_L_0,5.5,0,10
fco_81_5.5_L_1,5.5,1,10
fco_81_5.5_L_2,5.5,2,8
fco_81_5.5_L_3,5.5,3,16
fco_81_5.5_L_4,5.5,4,9
fco_81_5.5_L_5,5.5,5,12
fco_81_5.5_L_6,5.5,6,16
fco_81_5.5_L_7,5.5,7,8
fco_81_5.5_L_8,5.5,8,9
fco_82_5.5_L_0,5.5,0,64
fco_82_5.5_L_1,5.5,1,12
fco_82_5.5_L_2,5.5,2,12
fco_82_5.5_L_3,5.5,3,19
fco_82_5.5_L_4,5.5,4,23
fco_82_5.5_L_5,5.5,5,14
fco_82_5.5_L_6,5.5,6,16
fco_82_5.5_L_7,5.5,7,8
fco_82_5.5_L_8,5.5,8,14
fco_82_5.5_L_9,5.5,9,9
fco_82_5.5_L_10,5.5,10,16
fco_82_5.5_L_11,5.5,11,13
fco_83_5.5_L_0,5.5,0,10
fco_83_5.5_L_1,5.5,1,11
fco_83_5.5_L_2,5.5,2,8
fco_83_5.5_L_3,5.5,3,8
fco_83_5.5_L_4,5.5,4,9
fco_83_5.5_L_5,5.5,5,9
fco_83_5.5_L_6,5.5,6,8
fco_83_5.5_L_7,5.5,7,11
fco_83_5.5_L_8,5.5,8,14
fco_83_5.5_L_9,5.5,9,12
fco_83_5.5_L_10,5.5,10,11
fco_83_5.5_L_11,5.5,11,12
fco_83_5.5_L_12,5.5,12,10
fco_83_5.5_L_13,5.5,13,24
fco_83_5.5_L_14,5.5,14,13
fco_83_5.5_L_15,5.5,15,11
fco_83_5.5_L_16,5.5,16,12
fco_83_5.5_L_17,5.5,17,22
fco_83_5.5_L_18,5.5,18,16
fco_83_5.5_L_19,5.5,19,12
fco_84_1_0,1,0,8
fco_84_1_1,1,1,13
fco_84_1_2,1,2,14
fco_84_1_3,1,3,18
fco_84_1_4,1,4,17
fco_84_1_5,1,5,15
fco_84_1_6,1,6,9
fco_84_1_7,1,7,9
fco_84_1_8,1,8,14
fco_84_1_9,1,9,10
fco_85_1_0,1,0,19
fco_85_1_1,1,1,8
fco_85_1_2,1,2,8
fco_85_1_3,1,3,9
fco_85_1_4,1,4,10
fco_85_1_5,1,5,9
fco_85_1_6,1,6,25
fco_85_1_7,1,7,8
fco_85_1_8,1,8,26
fco_8_9_0,0,0,9
fco_8_9_1,9,1,13
fco_8_9_2,0,2,10
fco_8_9_3,9,3,20
fco_8_9_4,0,4,17
fco_8_9_5,0,5,14
fco_8_9_6,9,6,10
fco_8_9_7,0,7,15
fco_8_9_8,0,8,10
fco_8_9_9,9,9,12
fco_8_9_10,0,10,27
fco_8_9_11,9,11,10
fco_8_9_12,0,12,15
fco_8_9_13,9,13,9
fco_8_9_14,9,14,9
fco_8_9_15,0,15,12
fco_8_9_16,0,16,8
fco_8_9_17,9,17,15
fco_8_9_18,0,18,8
fco_8_9_19,9,19,8
fco_8_9_20,0,20,11
fco_8_9_21,9,21,13
fco_8_9_22,0,22,8
fco_8_9_23,9,23,8
fco_8_9_24,0,24,10
fco_8_9_25,9,25,16
fco_8_9_26,0,26,11
fco_8_9_27,9,27,10
fco_8_9_28,0,28,11
fco_8_9_29,9,29,18
fco_8_9_30,0,30,12
fco_8_9_31,9,31,22
fco_8_9_32,0,32,11
fco_8_9_33,0,33,9
fco_8_9_34,9,34,13
fco_8_9_35,0,35,10
fco_8_9_36,9,36,23
fco_8_9_37,0,37,12
fco_8_9_38,0,38,10
fco_8_9_39,9,39,9
fco_8_9_40,0,40,12
fco_8_9_41,9,41,16
fco_8_9_42,0,42,13
fco_8_9_43,9,43,9
fco_8_9_44,0,44,11
fco_9_2.5_0,2.5,0,10
fco_9_2.5_1,2.5,1,25
fco_9_2.5_2,2.5,2,13
fco_9_2.5_3,2.5,3,14
fco_9_2.5_4,2.5,4,8
fco_9_2.5_5,2.5,5,16
fco_9_2.5_6,2.5,6,19
fco_9_2.5_7,2.5,7,12
fco_9_2.5_8,2.5,8,12
fco_9_2.5_9,2.5,9,8
fco_9_2.5_10,2.5,10,9
fco_9_2.5_11,2.5,11,14
fco_9_2.5_12,2.5,12,11
fco_9_2.5_13,2.5,13,8
fco_9_2.5_14,2.5,14,10
fco_9_2.5_15,2.5,15,26
fco_9_2.5_16,2.5,16,14
fco_9_2.5_17,2.5,17,26
fco_9_2.5_18,2.5,18,8
fco_9_2.5_19,2.5,19,9
fco_9_2.5_20,2.5,20,26
fco_9_2.5_21,2.5,21,44
fco_9_2.5_22,2.5,22,19
fco_9_2.5_23,2.5,23,12
fco_9_2.5_24,2.5,24,28
fco_9_2.5_25,2.5,25,44
fco_9_2.5_26,2.5,26,22
fco_9_2.5_27,2.5,27,8
fco_9_2.5_28,2.5,28,9
fco_9_2.5_29,2.5,29,11
